Front	Back
Their opinions differ about that plan	Pendapat mereka berbeda tentang rencana itu
He informed me yesterday	Dia memberi tahu saya kemarin
Is that bottle already full?	Apakah botol itu sudah penuh?
He is still pursuing his dream	Dia masih mengejar mimpinya
I dreamed about the sea last night	Aku bermimpi tentang laut tadi malam
There is no plan that is truly perfect	Tidak ada rencana yang benar-benar sempurna
We need to adjust tomorrow's schedule	Kami perlu menyesuaikan jadwal besok
Has the meeting schedule already changed?	Apakah jadwal rapat sudah berubah?
He finally found the answer	Dia akhirnya menemukan jawabannya
We eat first before leaving	Kita makan dulu sebelum berangkat
That bus departs at seven	Bus itu berangkat pukul tujuh
That train arrives at eight o’clock	Kereta itu tiba pukul delapan
Has he truly already left?	Apakah dia benar-benar sudah pergi?
Why is that story this strange?	Mengapa cerita itu seaneh ini?
We are currently resolving a big problem	Kami sedang menyelesaikan masalah besar
I forgot his or her name this morning	Saya lupa namanya tadi pagi
I will always love you	Aku akan selalu sayang padamu
Unfortunately we still don't have enough time	Sayangnya kami belum punya cukup waktu
Unfortunately my plan failed today	Malangnya rencanaku gagal hari ini
Why did that project fail yesterday?	Kenapa proyek itu gagal kemarin?
He has been unfortunate since losing his job	Ia malang sejak kehilangan pekerjaannya
Since when have you lived here?	Sejak kapan kamu tinggal di sini?
When will you return to Jakarta?	Kapan kamu akan kembali ke Jakarta?
He will return tomorrow morning	Dia akan kembali besok pagi
He has not lost hope until now	Dia belum kehilangan harapan sampai sekarang
We waited until the rain stopped	Kami menunggu sampai hujan berhenti
Will we meet again tomorrow?	Apakah kita akan jumpa lagi besok?
Is there still hope for us?	Apakah masih ada harapan bagi kita?
I have not eaten breakfast this morning	Aku belum sarapan pagi ini
We will talk later tonight	Kita akan bicara nanti malam
I want to go but it is raining	Aku ingin pergi namun hujan turun
The rain has not stopped since morning	Hujan belum berhenti sejak pagi
That bus stopped in front of the school	Bus itu berhenti di depan sekolah
Is your car parked in front of the house?	Apakah mobilmu parkir di depan rumah?
We will move house next year	Kami akan pindah rumah tahun depan
I have not gone home since yesterday	Aku belum pulang sejak kemarin
When did you move to this city?	Kapan kamu pindah ke kota ini?
Why has he not gone home tonight?	Kenapa dia belum pulang malam ini?
He had already eaten before leaving for work	Dia sudah makan sebelum berangkat kerja
Why does he look strange today?	Kenapa dia terlihat aneh hari ini?
Today feels very long	Hari ini terasa sangat panjang
This tea is still warm now	Teh ini masih hangat sekarang
Do you still work there?	Apakah kamu masih bekerja di sana?
He is making warm tea	Dia sedang membuat teh hangat
He is not angry with you now	Dia tidak marah padamu sekarang
Is that ticket still cheap now?	Apakah tiket itu masih murah sekarang?
Now I am studying Indonesian	Sekarang aku sedang belajar bahasa Indonesia
We have already waited ten minutes	Kami sudah menunggu sepuluh menit
I am waiting for a friend at the café	Aku sedang menunggu teman di kafe
I have not drunk coffee today	Aku belum minum kopi hari ini
Has he not arrived today yet?	Apakah dia belum datang hari ini?
He did not come to the meeting yesterday	Dia tidak datang ke rapat kemarin
Yesterday I met my old friend	Kemarin aku bertemu teman lamaku
Tomorrow we will leave earlier	Besok kami akan berangkat lebih awal
Did the meeting start earlier?	Apakah rapat dimulai lebih awal?
The match will begin very soon	Pertandingan akan dimulai sebentar lagi
We start studying after eating	Kami mulai belajar setelah makan
Wait a moment, I am making a call	Tunggu sebentar, aku sedang menelepon
He will call his mother later	Dia akan menelepon ibunya nanti
My mother has not called since yesterday	Ibuku belum menelepon sejak kemarin
Are you a user of this app?	Apakah kamu pengguna aplikasi ini?
Father is reading the newspaper this morning	Ayah sedang membaca koran pagi ini
I have not read the newspaper today	Saya belum membaca koran hari ini
Have you ever seen snow?	Apakah kamu pernah melihat salju?
I have seen a whale in the sea	Saya pernah melihat paus di laut
We have never seen a wild whale	Kami belum pernah melihat paus liar
That dog is not wild now	Anjing itu tidak liar sekarang
Will your dog wait at home?	Apakah anjingmu akan menunggu di rumah?
He is waiting for the bus at the stop	Dia sedang menunggu bus di halte
That bus does not stop at the bus stop	Bus itu tidak berhenti di halte
Why did that car suddenly stop?	Mengapa mobil itu tiba-tiba berhenti?
The lights suddenly went out during dinner	Lampu tiba-tiba padam saat makan malam
We will arrive before the sun rises	Kami akan tiba sebelum matahari terbit
Finish this report before the meeting starts	Selesaikan laporan ini sebelum rapat dimulai
Has your work finished today?	Apakah pekerjaanmu sudah selesai hari ini?
He has not sent the monthly report	Dia belum mengirim laporan bulanan
This work will finish tomorrow	Pekerjaan ini akan selesai besok
I will not send another message	Saya tidak akan mengirim pesan lagi
Have you received that package?	Apakah kamu sudah menerima paket itu?
The package has not arrived at the office	Paket itu belum tiba di kantor
Father will work at the office tomorrow	Ayah akan bekerja di kantor besok
We once saw an orca in the sea	Kami pernah melihat orca di laut
Will the sea be calm tonight?	Apakah laut akan tenang malam ini?
That child is not calm during the exam	Anak itu tidak tenang saat ujian
The final exam will start tomorrow	Ujian akhir akan dimulai besok
Why did you start the work too early?	Mengapa kamu memulai pekerjaan terlalu pagi?
This coffee is too hot to drink	Kopi ini terlalu panas untuk diminum
That water must not be drunk now	Air itu tidak boleh diminum sekarang
He rarely drinks coffee at night	Dia jarang meminum kopi malam hari
I rarely watch television now	Saya jarang menonton televisi sekarang
He often talks about his childhood	Dia sering bercerita tentang masa kecilnya
We are telling stories about an old trip	Kami sedang bercerita tentang perjalanan lama
Has that difficult time already ended?	Apakah masa sulit itu sudah berakhir?
I have not forgotten my childhood	Aku belum melupakan masa kecil
He will not forget that promise	Dia tidak akan melupakan janji itu
Has he ever broken a promise?	Apakah dia pernah melanggar janji?
I did not promise to come tomorrow	Aku tidak berjanji datang besok
He has broken the school rules	Dia sudah melanggar aturan sekolah
Is that child attending school now?	Apakah anak itu sedang sekolah sekarang?
That child will study alone	Anak itu akan belajar sendiri
I am eating alone today	Saya sedang makan sendiri hari ini
Today I have not received any news	Hari ini aku belum menerima kabar
Will you accept that offer?	Apakah kamu akan menerima tawaran itu?
That news does not sound right	Kabar itu tidak terdengar benar
He is considering a new offer	Dia sedang mempertimbangkan tawaran baru
Does my voice sound clear there?	Apakah suaraku terdengar jelas di sana?
We will consider all possibilities	Kami akan mempertimbangkan semua kemungkinan
Was that possibility ever considered before?	Apakah kemungkinan itu pernah dipikirkan sebelumnya?
That problem has not been seriously thought about	Masalah itu belum dipikirkan serius
Are you serious about this plan?	Apakah kamu serius tentang rencana ini?
We cannot buy all the items	Kami tidak bisa membeli semua barang
I have never heard that voice	Suara itu belum pernah saya dengar
I did not hear you earlier	Aku tidak dengar kamu tadi
Why does your butt hurt today?	Kenapa pantatmu sakit hari ini?
That child is still sick today	Anak itu masih sakit hari ini
Does that penis feel painful?	Apakah penis itu terasa sakit?
The doctor examines the patient's vaginal health	Dokter memeriksa kesehatan vagina pasien
The doctor is examining the test results	Dokter sedang memeriksa hasil tes
We are maintaining the family's health	Kami sedang menjaga kesehatan keluarga
He does not keep that secret	Dia tidak menjaga rahasia itu
I have already received good news	Saya sudah menerima kabar baik
Will you accept that offer?	Apakah kamu akan terima tawaran itu?
He is sending an important message	Dia sedang mengirim pesan penting
I have not read that message yet	Saya belum membaca pesan itu
Is that volcano still active?	Apakah gunung berapi itu masih aktif?
His eyes burned when hearing that news	Matanya berapi saat mendengar kabar itu
Why do your eyes look very tired?	Mengapa mata kamu terlihat sangat lelah?
That problem has not appeared clearly yet	Masalah itu belum terlihat jelas
I will solve this problem tomorrow	Aku akan menyelesaikan masalah ini besok
Will you go tomorrow?	Apakah kamu akan pergi besok?
I did not go to the office yesterday	Aku tidak pergi ke kantor kemarin
Did you eat yesterday?	Apakah kemarin kamu makan?
Why does your nose feel very cold?	Mengapa hidungmu terasa sangat dingin?
The air this morning feels very cold	Udara pagi ini terasa sangat dingin
Why is this water still hot?	Mengapa air ini masih panas?
I have not drunk milk today	Aku belum minum susu hari ini
That water does not feel cold	Air itu tidak terasa dingin
Why does this room feel very cramped?	Mengapa ruangan ini terasa sangat sempit?
I feel calmer now	Aku merasa lebih tenang sekarang
This road is too narrow for cars	Jalan ini terlalu sempit untuk mobil
This room has not been cleaned today	Ruangan ini belum dibersihkan hari ini
I will clean the kitchen later	Aku akan membersihkan dapur nanti
Can we talk later?	Apakah kita bisa bicara nanti?
That kitchen does not look clean	Dapur itu tidak terlihat bersih
This floor has not been cleaned since morning	Lantai ini belum dibersihkan sejak pagi
Why does this floor feel slippery?	Mengapa lantai ini terasa licin?
That road became slippery after the rain	Jalan itu menjadi licin setelah hujan
I will call you after eating	Aku akan meneleponmu setelah makan
A small problem can become big	Masalah kecil bisa menjadi besar
That bag is too big for me	Tas itu terlalu besar untukku
Is this room too small?	Apakah kamar ini terlalu kecil?
I have not tidied the room today	Aku belum merapikan kamar hari ini
Mount Merapi is currently very active	Gunung Merapi sedang sangat aktif
I am tidying the work desk	Aku sedang merapikan meja kerja
That table has not been tidied since morning	Meja itu belum dirapikan sejak pagi
Is this table too heavy?	Apakah meja ini terlalu berat?
This bag is not too heavy	Tas ini tidak terlalu berat
Why does your body feel very tired?	Mengapa badanmu terasa sangat lelah?
This item is not mine	Barang ini bukan milik aku
Does that car belong to you?	Apakah mobil itu milik kamu?
I do not have enough time	Aku tidak memiliki cukup waktu
Is this money enough to eat?	Apakah uang ini cukup untuk makan?
Have you ever seen a bear?	Apakah kamu pernah melihat beruang?
I have not received that money yet	Aku belum menerima uang itu
I almost arrived late to the office	Aku hampir terlambat ke kantor
Why are you late today?	Mengapa kamu terlambat hari ini?
The milk in the fridge is already finished	Susu di kulkas sudah habis
Why is that refrigerator not cold?	Mengapa kulkas itu tidak dingin?
I will use the oven later	Aku akan menggunakan oven nanti
Is that stove still hot?	Apakah kompor itu masih panas?
Does he have a new plan?	Apakah dia memiliki rencana baru?
I do not have a plan for tomorrow yet	Aku belum punya rencana untuk besok
He or she is waiting outside	Dia sedang menunggu di luar
The air outside feels very fresh	Udara di luar terasa sangat segar
This drink does not taste fresh	Minuman ini tidak terasa segar
This medicine must be taken before eating	Obat ini harus diminum sebelum makan
I have not taken medicine today	Aku belum minum obat hari ini
This food tastes too salty	Makanan ini terasa terlalu asin
That cake has been eaten by my younger sibling	Kue itu sudah dimakan adikku
My younger sibling has not returned from school	Adikku belum pulang dari sekolah
Does your sibling live here?	Apakah saudaramu tinggal di sini?
I want to go, however it is raining	Aku ingin pergi, namun hujan turun
Finally I found that key	Akhirnya aku menemukan kunci itu
I did not find my wallet earlier	Aku tidak menemukan dompetku tadi
Did you see my car key?	Apakah kamu melihat kunci mobilku?
That wallet almost fell earlier	Dompet itu hampir jatuh tadi
I once fell from a bicycle	Aku pernah jatuh dari sepeda
That bicycle has not been repaired since yesterday	Sepeda itu belum diperbaiki sejak kemarin
I will repair that bicycle tomorrow	Aku akan memperbaiki sepeda itu besok
This door has not been repaired by the worker	Pintu ini belum diperbaiki oleh tukang
That craftsman is repairing the roof	Tukang itu sedang memperbaiki atap
Has your house roof ever leaked?	Apakah atap rumahmu pernah bocor?
That pipe started leaking earlier this morning	Pipa itu mulai bocor tadi pagi
Why is that door not tightly closed?	Mengapa pintu itu tidak tertutup rapat?
The main road is closed because of flooding	Jalan utama tertutup karena banjir
Please close the window before sleeping	Tolong tutup jendela sebelum tidur
Please do not touch that item	Tolong jangan sentuh barang itu
This is not the main reason I left	Ini bukan alasan utama aku pergi
Does this area often get floods?	Apakah daerah ini sering terkena banjir?
Our house was affected by flooding last night	Rumah kami terkena banjir semalam
Last night I almost did not sleep	Semalam aku hampir tidak tidur
That restaurant is already famous in the city	Restoran itu sudah terkenal di kota
Why is that market very crowded?	Mengapa pasar itu sangat ramai?
They decided to divorce last year	Mereka memutuskan untuk cerai tahun lalu
The sky this morning looks very bright	Langit pagi ini terlihat sangat cerah
Has he already met his wife?	Apakah dia sudah bertemu istrinya?
I do not know the meaning of that word	Aku tidak tahu artinya kata itu
Do you know the answer?	Apakah kamu tahu jawabannya?
I do not yet understand the meaning of that sentence	Aku belum mengerti arti kalimat itu
That sentence sounds very strange	Kalimat itu terdengar sangat aneh
I will search for that address later	Aku akan cari alamat itu nanti
If it rains, I will still go	Jika hujan turun, aku tetap pergi
I have not found his house address yet	Aku belum menemukan alamat rumahnya
Do you want tea or coffee?	Kamu ingin teh atau kopi?
The price of that bag is almost one million	Harga tas itu hampir seribu ribu
I paid only one thousand rupiah	Aku membayar seribu rupiah saja
I have not paid the electricity bill	Aku belum membayar tagihan listrik
That price is too expensive for me	Harga itu terlalu mahal untukku
This bill must be paid today	Tagihan ini harus dibayar hari ini
Why is the electricity in the house out?	Mengapa listrik di rumah mati?
That movie has not been watched by me	Film itu belum ditonton oleh aku
The book that I am looking for is not here yet	Buku yang aku cari belum ada
My house is near the station	Rumahku dekat dengan stasiun
I spoke with him earlier	Aku berbicara dengan dia tadi
That station is not too far	Stasiun itu tidak terlalu jauh
This bag is too heavy to carry	Tas ini terlalu berat untuk dibawa
That car stopped in front of the house	Mobil itu berhenti di depan rumah
I will move house next year	Aku akan pindah rumah tahun depan
He knocked on the door, then entered	Dia mengetuk pintu, lalu masuk
Who knocked on the door earlier?	Siapa yang mengetuk pintu tadi?
I did not enter the office today	Aku tidak masuk kantor hari ini
My child is very interested in science	Anakku sangat tertarik pada sains
I rarely use that application	Aku jarang menggunakan aplikasi itu
Besides coffee, I also drink tea	Selain kopi, aku juga minum teh
The theory of evolution is still studied by scientists	Teori evolusi masih dipelajari para ilmuwan
This language is being studied by many people	Bahasa ini sedang dipelajari banyak orang
Has anyone ever lived here?	Adakah seseorang pernah tinggal di sini?
Will you come tomorrow?	Adakah kamu akan datang besok?
Is there another road to the market?	Adakah jalan lain menuju pasar?
Has he or she already read your message?	Adakah dia sudah membaca pesanmu?
Is there a reason you rejected that offer?	Adakah alasan kamu menolak tawaran itu?
I will not reject your help	Aku tidak akan menolak bantuanmu
We are walking toward the station	Kami sedang berjalan menuju stasiun
Someone is waiting outside	Seseorang sedang menunggu di luar
I want to improve my language ability	Aku ingin meningkatkan kemampuan bahasaku
Her cooking ability is getting better now	Kemampuan memasaknya semakin baik sekarang
House prices are increasingly expensive this year	Harga rumah semakin mahal tahun ini
I once lived in a small town	Aku pernah tinggal di kota kecil
Why is that restaurant very expensive?	Mengapa restoran itu sangat mahal?
I want to live healthier starting now	Aku ingin hidup lebih sehat mulai sekarang
That mountain view is truly amazing	Pemandangan gunung itu benar-benar luar biasa
That sea view is very amazing	Pemandangan laut itu sangat menakjubkan
The view from that hill is very beautiful	Pemandangan dari bukit itu sangat indah
Is this beach still beautiful now?	Apakah pantai ini masih indah sekarang?
Tomorrow I will climb this mountain	Besok aku akan mendaki gunung ini
Has that theory ever been tested by scientists?	Apakah teori itu pernah diuji ilmuwan?
This theory has not been tested scientifically	Teori ini belum diuji secara ilmiah
Will scientists test the new theory?	Apakah ilmuwan akan menguji teori baru?
I was born in a small city	Aku lahir di kota kecil
I do not yet know that baby's birth	Aku belum tahu lahirnya bayi itu
Has the baby already fallen asleep?	Apakah bayi itu sudah tidur?
I did not pass the selection yesterday	Aku tidak lolos seleksi kemarin
I have not passed that exam yet	Aku belum lulus ujian itu
Did he pass the selection this year?	Apakah dia lolos seleksi tahun ini?
I want to live close to nature	Aku ingin hidup dekat dengan alam
My house is not close to the station	Rumahku tidak dekat dengan stasiun
That baby is sleeping now	Bayi itu sedang tidur sekarang
Has the baby already fallen asleep soundly?	Apakah bayi itu sudah tidur nyenyak?
Is this the main goal of your trip?	Apakah ini tujuan utama perjalananmu?
I will reach that goal one day	Aku akan mencapai tujuan itu suatu hari
We finally reached the mountain summit	Kami akhirnya mencapai puncak gunung
Have you already seen that peak?	Apakah kamu sudah melihat puncak itu?
One day I will return	Suatu hari aku akan kembali
He never talks about religion at the office	Dia tidak pernah membicarakan agama di kantor
Why were they talking about my problem earlier?	Mengapa mereka membicarakan masalahku tadi?
I have not said anything to him yet	Aku belum bilang apa pun padanya
I do not see anything here	Aku tidak melihat apa pun di sini
Is somebody looking for me outside?	Apakah seseorang sedang mencariku di luar?
I am looking for something in the bag	Aku sedang mencari sesuatu di tas
Is there anybody at home?	Apakah ada siapa pun di rumah?
I do not have any plans	Aku tidak punya rencana apa pun
You may choose anything later	Kamu boleh memilih apa saja nanti
May I enter now?	Apakah aku boleh masuk sekarang?
I do not want to choose that path	Aku tidak ingin memilih jalan itu
Do you have another plan?	Apakah kamu punya rencana lain?
I will try another one later	Aku akan mencoba yang lain nanti
I am trying to understand this problem	Aku sedang mencoba memahami masalah ini
I have not yet understood what you meant earlier	Aku belum memahami maksudmu tadi
What did your question mean earlier?	Apa maksud pertanyaanmu tadi?
Does this mean we must leave?	Apakah ini berarti kita harus pergi?
He has not answered that question yet	Dia belum menjawab pertanyaan itu
Do I have to leave now?	Apakah aku harus pergi sekarang?
Yesterday I had to work until night	Kemarin aku harus bekerja sampai malam
Yesterday we waited until night	Kemarin kami menunggu sampai malam
I used to live in a small village	Dulu aku tinggal di desa kecil
Back then I was ten years old	Dulu aku berumur sepuluh tahun
I did not like coffee before	Dulu aku tidak suka kopi
Yesterday the sky looked very bright	Kemarin langit terlihat sangat cerah
Earlier tonight I saw many stars	Tadi malam aku melihat banyak bintang
Last night we studied the Orion constellation	Semalam kami mempelajari rasi bintang Orion
I only have one chance	Aku hanya punya satu kesempatan
I have not eaten twice today	Aku belum makan dua kali hari ini
Have you already read three messages?	Apakah kamu sudah membaca tiga pesan?
I will stay four more days	Aku akan tinggal empat hari lagi
I no longer have five reasons	Aku tidak punya lima alasan lagi
Has he already waited six hours?	Apakah dia sudah menunggu enam jam?
I once saw seven bright stars	Aku pernah melihat tujuh bintang terang
I will not wait eight minutes	Aku tidak akan menunggu delapan menit
Have you ever read nine books?	Apakah kamu pernah membaca sembilan buku?
I have already walked ten kilometers	Aku sudah berjalan sepuluh kilometer
I just started studying today	Aku baru mulai belajar hari ini
This language is not the standard form	Bahasa ini bukan bentuk baku
Did that cloud shape change?	Apakah bentuk awan itu berubah?
Dark clouds are covering the sun	Awan gelap sedang menutup matahari
Will the sky become dark?	Apakah langit akan menjadi gelap?
I have not bought a new dictionary	Aku belum membeli kamus baru
Is that word still often used?	Apakah kata itu masih sering dipakai?
I will move to another city	Aku akan pindah ke kota lain
I do not eat usual food	Aku tidak makan makanan biasa
Is that question still difficult for you?	Apakah soal itu masih sulit bagimu?
I am thinking about one question	Aku sedang memikirkan satu soal
Does he still look young?	Apakah dia masih terlihat muda?
I am thinking about a new plan	Aku sedang memikirkan rencana baru
I never forget that promise	Aku tidak pernah melupakan janji itu
He is not a new person here	Dia bukan orang baru di sini
That kitten looks very cute	Anak kucing itu terlihat sangat imut
I do not consider that funny	Aku tidak menganggap itu lucu
Do you consider that important?	Apakah kamu menganggap itu penting?
She once looked very beautiful	Dia pernah terlihat sangat cantik
Do you like eating nuts?	Apakah kamu suka makan kacang?
He finally received recognition for his work	Dia akhirnya mendapat pengakuan atas karyanya
Has he already given acknowledgement of the mistake?	Apakah dia sudah memberi pengakuan kesalahan?
Tomorrow the manager will give an appraisal of my work	Besok manajer akan memberi penilaian kerjaku
I haven't used dental floss today	Aku belum memakai benang gigi hari ini
Was this table polished yesterday?	Apakah meja ini sudah dipoles kemarin?
They will revamp the old system	Mereka akan merombak sistem lama
I am typing an important report	Aku sedang mengetik laporan penting
I have not mastered that expertise	Keahlian itu belum aku kuasai
I have not mastered this technique	Aku belum kuasai teknik ini
Is this technique often used?	Apakah teknik ini sering dipakai?
I often eat at that food stall	Aku sering makan di warung itu
That stall has not opened today	Kios itu belum buka hari ini
Does this kiosk sell SIM cards?	Apakah kios ini menjual kartu SIM?
I haven't bought soy sauce today	Aku belum beli kecap hari ini
Have you already cut the onion?	Apakah kamu sudah memotong bawang?
I once rode a horse in the village	Aku pernah menunggang kuda di desa
I am running toward the bus stop	Aku sedang berlari menuju halte
I will ride a horse tomorrow morning	Aku akan menunggang kuda besok pagi
I do not believe that deception	Aku tidak percaya tipuan itu
Do you believe my story yesterday?	Apakah kamu percaya ceritaku kemarin?
He is a scammer, I will not believe	Dia penipu, aku tidak akan percaya
I almost arrived late this morning	Aku hampir terlambat tadi pagi
I am exercising in the park	Aku sedang olahraga di taman
Have you already exercised this morning?	Apakah kamu sudah berolahraga pagi ini?
I have not practiced today	Aku belum berlatih hari ini
I have already tried three times	Aku sudah mencoba tiga kali
Will I get another opportunity?	Apakah aku akan mendapat kesempatan lagi?
These shoes have been used often	Sepatu ini sudah sering dipakai
I will get good news tomorrow	Aku akan mendapat kabar baik besok
Does exercise give many benefits?	Apakah olahraga memberi banyak manfaat?
I did not give an answer earlier	Aku tidak memberi jawaban tadi
This is not my favorite type of coffee	Ini bukan jenis kopi favoritku
Is this your favorite food?	Apakah ini makanan favoritmu?
My energy is almost drained today	Tenagaku sudah hampir terkuras hari ini
My energy has not returned after exercise	Tenagaku belum kembali setelah olahraga
Will you return tonight?	Apakah kamu akan kembali malam ini?
We ate then went straight home	Kami makan lalu langsung pulang
Has that needle already been sterilized?	Apakah jarum itu sudah disterilkan?
That tool was not sterilized earlier	Alat itu belum disterilkan tadi
Will this tool be used tomorrow?	Apakah alat ini akan dipakai besok?
I went straight home after work	Aku langsung pulang setelah kerja
I do not like that type of music	Jenis musik itu tidak aku suka
Do you already know yourself?	Apakah kamu sudah mengenal diri sendiri?
Are they openly discussing about blowjobs?	Mereka membicarakan seks oral secara terbuka?
He speaks honestly to me	Dia berbicara secara jujur kepadaku
Is that stall still open?	Apakah warung itu masih terbuka?
Our personal data is protected by this system	Data pribadi kita dilindungi sistem ini
I do not know my new neighbor yet	Aku belum mengenal tetangga baruku
Is your new neighbor friendly?	Apakah tetangga barumu ramah?
I will enter after they leave	Aku akan masuk setelah mereka pergi
I am listening to new music	Aku sedang mendengarkan musik baru
This soup is too salty for me	Sup ini terlalu asin bagiku
Has your sibling ever lived in Jakarta?	Apakah saudaramu pernah tinggal di Jakarta?
He is not stubborn anymore now	Dia tidak keras kepala lagi sekarang
Do not hit the table too hard	Jangan memukul meja terlalu keras
My head has hurt since yesterday	Kepalaku masih sakit sejak kemarin
I have not added salt to the soup yet	Aku belum menambahkan garam ke sup
I do not add sugar to coffee	Aku tidak menambahkan gula ke kopi
I will add a comment later	Aku akan menambahkan komentar nanti
Have you bought flour today?	Apakah kamu sudah membeli tepung hari ini?
I have not bought that concert ticket yet	Aku belum membeli tiket konser itu
That farmer is planting new seeds	Petani itu sedang menanam biji baru
We will plant a mango tree tomorrow	Kami akan menanam pohon mangga besok
I do not like mango juice	Aku tidak suka jus mangga
That old tree has not been cut down yet	Pohon tua itu belum ditebang
That farmer is checking his soil	Petani itu sedang memeriksa tanahnya
This soil is not suitable for rice	Tanah ini tidak cocok untuk padi
Is this color suitable for you?	Apakah warna ini cocok untukmu?
I am preparing spices for the soup	Aku sedang menyiapkan bumbu untuk sup
The color of the sky will change later	Warna langit akan berubah nanti
I cannot handle very spicy food	Aku tidak tahan makanan terlalu pedas
Who tampered with that package seal?	Siapa merusak segel paket itu?
I cannot endure waiting long	Aku tidak tahan menunggu lama
This bottle’s seal has not been opened	Segel botol ini belum dibuka
I will massage your shoulder for a moment	Aku akan pijat bahumu sebentar
He is massaging my shoulder now	Dia sedang memijat bahuku sekarang
They are preparing a special event tonight	Mereka sedang menyiapkan acara khusus malam ini
That fake medicine can harm patients	Obat palsu itu bisa membahayakan pasien
That watch turned out to be fake	Jam itu ternyata palsu
Turns out he has not read my message yet	Ternyata dia belum membaca pesanku
Is that place full of danger?	Apakah tempat itu penuh bahaya?
That patient is waiting for the doctor	Pasien itu sedang menunggu dokter
This glass is already full now	Gelas ini sudah penuh sekarang
He refused the bribe from that official	Dia menolak suap dari pejabat itu
Cigarette smoke is very harmful for children	Asap rokok sangat berbahaya bagi anak
That official has not answered our question yet	Pejabat itu belum menjawab pertanyaan kami
That kitchen smoke enters my house	Asap dapur itu masuk rumahku
My father stopped smoking last year	Ayahku berhenti merokok tahun lalu
Mother is cooking in the kitchen	Ibu sedang memasak di dapur
He has not received clearance to enter	Dia belum mendapat izin masuk
Is this painting truly original?	Apakah lukisan ini benar-benar asli?
He is not used to foreign culture yet	Dia belum terbiasa dengan budaya asing
I am not used to waking very early	Aku belum terbiasa bangun sangat pagi
This is not the original signature	Ini bukan tanda tangan asli
Is that coin truly original?	Apakah koin itu benar-benar asli?
He finally found the original document	Dia akhirnya menemukan dokumen asli
We will examine the original item tomorrow	Kami akan memeriksa barang asli besok
That painting looks very authentic	Lukisan itu tampak sangat asli
I am not used to foreign languages yet	Aku belum terbiasa dengan bahasa asing
Does that restaurant serve foreign food?	Apakah restoran itu menyajikan makanan asing?
He once worked at a foreign company	Dia pernah bekerja di perusahaan asing
Foreign culture sometimes feels strange to me	Budaya asing kadang terasa aneh bagiku
We will learn foreign words tomorrow	Kami akan belajar kata asing besok
That restaurant serves hot soup	Restoran itu menyajikan sup panas
That house has appeared empty since yesterday	Rumah itu tampak kosong sejak kemarin
I sometimes forget to bring my key	Aku kadang lupa membawa kunci
I sometimes walk to the stall at night	Aku kadang berjalan ke warung malam
Sometimes I do not understand his jokes	Kadang aku tidak memahami leluconnya
Do you sometimes miss your old home?	Apakah kamu kadang merindukan rumah lama?
We will sometimes meet after work	Kami kadang akan bertemu setelah kerja
I miss my old friend	Aku merindukan sahabat lamaku
He is telling a funny joke	Dia sedang menceritakan lelucon lucu
My close friend will come visit tomorrow	Sahabatku akan datang berkunjung besok
We will visit his house tomorrow	Kami akan berkunjung ke rumahnya besok
That project has not finished until now	Proyek itu belum selesai sampai sekarang
He bought a new suit yesterday	Dia membeli setelan baru kemarin
We will travel south tomorrow	Kami akan bepergian ke selatan besok
I rarely travel far alone	Aku jarang bepergian jauh sendirian
Is that market far from here?	Apakah pasar itu jauh dari sini?
His artistry has already been recognized by many painters	Kepiawaian seninya sudah diakui banyak pelukis
I still do not have the expertise to cook rendang	Aku belum punya kepiawaian memasak rendang
I am currently buying fresh meat	Aku sedang membeli daging segar
She will study art at university	Dia akan belajar seni di kampus
Has your talent been recognized by your teacher?	Apakah bakatmu sudah diakui gurumu?
His talent has not been visible since childhood	Bakatnya belum terlihat sejak kecil
That new teacher is currently explaining the assignment	Guru baru itu sedang menjelaskan tugas
I will explain that plan tomorrow	Aku akan menjelaskan rencana itu besok
That painter once sold an expensive painting	Pelukis itu pernah menjual lukisan mahal
Is that bag too expensive?	Apakah tas itu terlalu mahal?
His comments often undermine my confidence	Komentarnya sering merongrong kepercayaan diriku
I still maintain the trust of my old friend	Aku masih menjaga kepercayaan teman lamaku
He did not keep the promise yesterday	Dia tidak menjaga janji kemarin
Why does your comment sound very rude?	Mengapa komentarmu terdengar sangat kasar?
His language is not rude when angry	Bahasanya tidak kasar saat marah
Will they burn the trash tonight?	Apakah mereka akan bakar sampah malam ini?
I have not thrown away the trash today	Aku belum membuang sampah hari ini
He will not throw away this food	Dia tidak akan membuang makanan ini
I am currently patching a small hole	Aku sedang menampal lubang kecil
He appears very calm today	Dia tampak sangat tenang hari ini
Why does your picture appear so strange?	Mengapa gambarmu tampak begitu aneh?
That hole has not been repaired since yesterday	Lubang itu belum diperbaiki sejak kemarin
I have never visited that continent	Benua itu tidak pernah aku kunjungi
Why did the sky appear black earlier?	Mengapa langit tampak hitam tadi?
That old house is still standing strong	Rumah tua itu masih kuat berdiri
Our team's strength is not enough	Kekuatan tim kami belum cukup
I will stand in front of the class	Aku akan berdiri di depan kelas
That class has not started today	Kelas itu belum dimulai hari ini
Is that tree already too old?	Apakah pohon itu sudah terlalu tua?
He is selling fruit at the market	Dia sedang menjual buah di pasar
That farmer is currently planting rice plants	Petani itu sedang menanam padi
He once started a secret affair	Dia pernah memulai selingkuhan rahasia
Is that galaxy very far?	Apakah galaksi itu sangat jauh?
This plan must remain secret	Rencana ini harus tetap rahasia
Do I have to go?	Apakah aku harus pergi?
I missed the last bus earlier	Aku tadi ketinggalan bus terakhir
I am currently missing my old friend	Aku sedang merindukan sahabat lamaku
That Miss has not arrived at the office yet	Nona itu belum tiba di kantor
Why did you miss that important detail?	Mengapa kamu melewatkan detail penting itu?
His shot almost missed the target	Tembakannya hampir meleset dari target
His shot did not hit the target	Tembakannya tidak mengenai target
That arrow will hit the target	Panah itu akan mengenai sasaran
Today's training target has not been achieved	Sasaran latihan hari ini belum tercapai
That arrow does not fly straight	Panah itu tidak terbang lurus
That big goal was finally achieved	Tujuan besar itu akhirnya tercapai
This road is not straight to the city	Jalan ini tidak lurus sampai kota
That bird will fly at dawn	Burung itu akan terbang saat fajar
Has this city ever been very crowded?	Apakah kota ini pernah sangat ramai?
Dawn has not appeared in the east	Fajar belum muncul di timur
That bird is currently looking for food	Burung itu sedang mencari makanan
Why are you looking for the old address?	Mengapa kamu mencari alamat lama?
We do not work on Tuesday	Kami tidak bekerja pada Selasa
I will return on Wednesday	Aku akan kembali pada Rabu
Do you work on Thursday?	Apakah kamu bekerja pada Kamis?
I have never worked on Friday	Aku belum pernah bekerja pada Jumat
We will depart on Saturday	Kami akan berangkat pada Sabtu
Why is that shop closed on Sunday?	Mengapa toko itu tutup pada Minggu?
Did you move house in January?	Apakah kamu pindah rumah pada Januari?
That festival will be held in February	Festival itu akan diadakan Februari
That important meeting will be held tomorrow	Rapat penting itu akan diadakan besok
Why does that leaf stay green?	Mengapa daun itu tetap hijau?
The western sky appears red this evening	Langit barat tampak merah sore ini
The sun will set in the west	Matahari akan tenggelam di barat
Why did the sun set early today?	Mengapa matahari cepat tenggelam hari ini?
He suddenly stepped aside from me	Dia tiba-tiba melangkah menyamping dariku
I did not step backward yesterday	Aku tidak melangkah mundur kemarin
Why did he suddenly step back earlier?	Mengapa dia tiba-tiba mundur tadi?
That big festival is held in March	Festival besar itu diadakan Maret
Does your exam start in April?	Apakah ujianmu dimulai April?
I will move to another city in May	Aku akan pindah kota pada Mei
That meeting is scheduled on Monday	Rapat itu dijadwalkan pada Senin
Does your holiday start in June?	Apakah liburanmu dimulai Juni?
We have not planned a vacation this year	Kami belum merencanakan liburan tahun ini
That music festival is held in July	Festival musik itu diadakan Juli
I have never visited Bali in August	Aku belum pernah mengunjungi Bali Agustus
Does the new semester start in September?	Apakah semester baru dimulai September?
He suddenly laughed when hearing the joke	Dia tiba-tiba tertawa saat mendengar lelucon
That film festival is held in October	Festival film itu diadakan Oktober
Will that project be finished in November?	Apakah proyek itu selesai November?
We usually take a long vacation in December	Kami biasanya liburan panjang Desember
Is that journey too long?	Apakah perjalanan itu terlalu panjang?
I usually wake up before dawn	Aku biasanya bangun sebelum fajar
Why haven't you woken up this morning?	Mengapa kamu belum bangun pagi ini?
I did not find my blue pen	Aku tidak menemukan pena biruku
We will travel far to the south	Kami akan bepergian jauh ke selatan
Is that ship heading east?	Apakah kapal itu menuju timur?
We have never lived in the north	Kami tidak pernah tinggal di utara
That small village is located near the river	Desa kecil itu terletak dekat sungai
Why does this river look very muddy?	Mengapa sungai ini tampak sangat keruh?
That water is no longer murky now	Air itu tidak lagi keruh sekarang
We have never traveled to the west	Kami tidak pernah bepergian ke barat
Why does that wall look cracked?	Mengapa dinding itu terlihat retak?
That glass has been cracked since yesterday	Kaca itu sudah retak sejak kemarin
Did that window glass break?	Apakah kaca jendela itu pecah?
That balloon did not pop earlier	Balon itu tidak pecah tadi
That red balloon will fly	Balon merah itu akan terbang
Why did your face suddenly turn red?	Mengapa wajahmu tiba-tiba merah?
Is that paper truly white?	Apakah kertas itu benar-benar putih?
This paper is not thick enough	Kertas ini tidak cukup tebal
Is that book too thick?	Apakah buku itu terlalu tebal?
I am currently reading an old book	Aku sedang membaca buku lama
I will try a new recipe	Aku akan mencoba resep baru
I have never used this recipe	Resep ini belum pernah aku gunakan
Why are you not wearing shoes?	Mengapa kamu tidak pakai sepatu?
That light is not bright enough	Cahaya itu tidak cukup terang
That small lamp will illuminate the road	Lampu kecil itu akan menerangi jalan
The night sky is not very bright	Langit malam tidak terlalu terang
I want ice in my drink	Aku ingin es dalam minuman
Why does the sea look blue today?	Mengapa laut tampak biru hari ini?
Is that cat truly black?	Apakah kucing itu benar-benar hitam?
Why does that flower appear pink?	Mengapa bunga itu tampak merah muda?
That flower has not bloomed this morning	Bunga itu belum mekar pagi ini
Will that flower bloom tomorrow?	Apakah bunga itu akan mekar besok?
I still do not know tomorrow's plan	Aku belum tahu rencana besok
I still do not understand that sentence	Aku belum paham kalimat itu
Do you have another example?	Apakah kamu punya contoh lain?
That news is broadcast through this channel	Berita itu disiarkan lewat saluran ini
I will follow your advice tomorrow	Aku akan mengikuti saranmu besok
That match is being broadcast live	Pertandingan itu sedang disiarkan langsung
I do not always follow his advice	Aku tidak selalu mengikuti nasihatnya
Why did you reject my advice earlier?	Mengapa kamu menolak nasihatku tadi?
He rejected that offer yesterday	Dia menolak tawaran itu kemarin
Do you have a new example sentence?	Apakah kamu punya contoh kalimat baru?
That message was sent through email earlier	Pesan itu dikirim lewat email tadi
That package has already been sent this morning	Paket itu sudah dikirim pagi ini
That conversation was not finished earlier	Obrolan itu belum selesai tadi
I have not finished that task yet	Aku belum menyelesaikan tugas itu
Did you read that thread?	Apakah kamu membaca utas itu?
That message has not been read by anyone yet	Pesan itu belum dibaca siapa pun
We do not watch that channel	Kami tidak menonton saluran itu
That conversation will continue later	Obrolan itu akan berlanjut nanti
That discussion did not continue long	Diskusi itu tidak berlanjut lama
Will this discussion finish?	Apakah diskusi ini akan selesai?
This is not my last chance	Ini bukan kesempatan terakhirku
Is this your favorite restaurant now?	Apakah ini restoran favoritmu sekarang?
I do not like that restaurant	Aku tidak suka restoran itu
That application will be updated tomorrow	Aplikasi itu akan diperbarui besok
I have not received a call from you yet	Aku belum menerima panggilan darimu
He is not a member of that club	Dia bukan anggota klub itu
Will you join our team?	Apakah kamu akan bergabung tim kami?
Is this word a verb?	Apakah kata ini termasuk verba?
Does that cost include tax?	Apakah biaya itu termasuk pajak?
I am studying new grammar	Aku sedang mempelajari tata bahasa baru
We did not pay tax last year	Kami tidak membayar pajak tahun lalu
The office layout is neat	Tata ruang kantor itu rapi
My desk is always neat every morning	Mejaku selalu rapi setiap pagi
This space is not big enough	Ruang ini tidak cukup besar
That video was not shared yesterday	Video itu belum dibagikan kemarin
Has that meeting already started?	Apakah rapat itu sudah dimulai?
I am not working now	Aku tidak bekerja sekarang
I am looking for my motorcycle key	Aku sedang cari kunci motorku
Will you find the answer?	Apakah kamu akan temu jawabannya?
I have not found my wallet earlier	Aku belum temukan dompetku tadi
That group is no longer active	Grup itu tidak aktif lagi
Is that group still active?	Apakah grup itu masih aktif?
That image will be printed tomorrow	Gambar itu akan dicetak besok
I have not sent that message yet	Pesan itu belum aku kirim
That photo was not printed yesterday	Foto itu tidak dicetak kemarin
I have not seen the result yet	Aku belum lihat hasilnya
Are there other options now?	Apakah ada pilihan lainnya sekarang?
I will choose another restaurant	Aku akan memilih restoran lain
I have not chosen that course	Aku belum memilih kursus itu
That choice is not easy for me	Pilihan itu tidak mudah bagiku
That process will be optimized soon	Proses itu akan dioptimalkan segera
I will contact you soon	Aku akan segera menghubungimu
I have not contacted that client yet	Aku belum menghubungi klien itu
Has that client already paid?	Apakah klien itu sudah membayar?
Welcome to our house	Selamat datang di rumah kami
I will not pay that fee	Aku tidak akan membayar biaya itu
That person is waiting outside	Orang itu sedang menunggu di luar
I bought coffee and bread	Aku membeli kopi dan roti
Is this the last message from you?	Apakah ini pesan terakhir darimu?
That message has been read by everyone	Pesan itu sudah dibaca semua orang
All members will attend tomorrow	Semua anggota akan hadir besok
Is that rule always followed?	Apakah aturan itu selalu diikuti?
That term is no longer used	Sebutan itu tidak dipakai lagi
I do not use those shoes	Aku tidak pakai sepatu itu
I will buy those shoes tomorrow	Sepatu itu akan kubeli besok
That book was already bought by me yesterday	Buku itu sudah kubeli kemarin
Have you already practiced today?	Apakah kamu sudah latihan hari ini?
That password must not be shared	Sandi itu tidak boleh dibagikan
Mark that important message now	Tandai pesan penting itu sekarang
He has already completed a big project	Dia telah menyelesaikan proyek besar
That house is not too big	Rumah itu tidak terlalu besar
Is that house too small?	Apakah rumah itu terlalu kecil?
He works as a translator now	Dia bekerja sebagai penerjemah sekarang
I am not a professional translator	Aku bukan penerjemah profesional
Adjust your schedule before the meeting	Sesuaikan jadwalmu sebelum rapat
The application's appearance has already changed	Tampilan aplikasi itu sudah berubah
The weather suddenly changed earlier	Cuaca tiba-tiba berubah tadi
The weather today is not bright	Cuaca hari ini tidak cerah
Will the sky be bright tomorrow?	Apakah langit akan cerah besok?
That balloon suddenly shrank earlier	Balon itu tiba-tiba ciut tadi
That light suddenly went out earlier	Lampu itu tiba-tiba mati tadi
I sometimes forget the house key	Aku kadang-kadang lupa kunci rumah
I have not forgotten that promise	Aku belum lupa janji itu
Do not touch that button now	Jangan sentuh tombol itu sekarang
I am not worried about that exam	Aku tidak khawatir tentang ujian itu
Has that button already been pressed?	Apakah tombol itu sudah ditekan?
I did not touch that item	Aku tidak sentuh barang itu
Press the red button now	Tekan tombol merah sekarang
That bag’s color is not my favorite	Warna tas itu bukan favoritku
I have been colorblind since childhood	Aku buta warna sejak kecil
Was he not blind from birth?	Dia tidak buta sejak lahir?
His child was born this morning	Anaknya lahir tadi pagi
Does this soup use coriander?	Apakah sup ini pakai ketumbar?
A rainbow appeared after the rain stopped	Pelangi muncul setelah hujan berhenti
That star has not appeared tonight	Bintang itu belum muncul malam ini
That bus suddenly stopped on the road	Bus itu tiba-tiba berhenti di jalan
I am rinsing vegetables in the kitchen	Aku sedang membilas sayur di dapur
He has not eaten vegetables today	Dia belum makan sayur hari ini
Choose one between coffee or tea?	Pilih satu antara kopi atau teh?
That concrete wall is very strong	Dinding beton itu sangat kuat
The marine ecosystem is changing quickly	Ekosistem laut sedang berubah cepat
That hotel will feel very luxurious	Hotel itu akan terasa sangat mewah
I have never stayed in a hotel	Aku belum pernah menginap di hotel
Why was the reaction so fast?	Mengapa reaksinya begitu cepat?
I will take that book	Aku akan ambil buku itu
I will transfer this task tomorrow	Aku akan alih tugas ini besok
The door is already locked from inside	Pintunya sudah terkunci dari dalam
I returned home from the office earlier	Aku pulang dari kantor tadi
That cat sleeps inside the box	Kucing itu tidur dalam kotak
He no longer works at the office	Dia tidak bekerja di kantor lagi
I will send that box tomorrow	Kotak itu akan kukirim besok
I will send that package this afternoon	Paket itu akan kukirim sore ini
Why did you not answer my call?	Mengapa kamu tidak angkat teleponku?
My cellphone is being charged now	Ponselku sedang dicas sekarang
That phone has not been charged all night	Ponsel itu belum dicas semalaman
We did not sleep all night	Kami tidak tidur semalaman
I will work all day tomorrow	Aku akan bekerja seharian besok
Why is that microphone not working?	Mengapa mikrofon itu tidak berfungsi?
This forest keeps the ecosystem balanced	Hutan ini menjaga ekosistem tetap seimbang
Its price and quality are not balanced	Harga dan kualitasnya tidak seimbang
Its sound quality is decreasing today	Kualitas suaranya sedang menurun hari ini
Why did the price of coffee rise again?	Mengapa harga kopi naik lagi?
That shop's sales have decreased since January	Penjualan toko itu menurun sejak Januari
Sales this week have not increased	Penjualan minggu ini belum meningkat
The sky suddenly became very dark	Langit tiba-tiba menjadi sangat gelap
That child is eating ice cream	Anak itu sedang makan es krim
I did not add cream to the coffee	Aku tidak menambahkan krim ke kopi
The chef will add salt later	Koki akan menambahkan garam nanti
That chef has not prepared the meal yet	Koki itu belum menyiapkan makanannya
This soup tastes too salty	Sup ini terasa terlalu asin
Have you already prepared the document?	Apakah kamu sudah menyiapkan dokumennya?
That chef did not add salt	Koki itu tidak menambahkan garam
I will join that team	Aku akan gabung tim itu
He is recapping the sales report	Dia sedang rekap laporan penjualan
Has that report already been sent?	Apakah laporan itu sudah dikirim?
The moon has not appeared tonight	Bulan belum terlihat malam ini
That heavy rain finally subsided	Hujan deras itu akhirnya reda
The ticket price is still very low	Harga tiketnya masih sangat rendah
I will pursue my ambition this year	Aku akan mengejar ambisiku tahun ini
Why are you chasing that dream?	Mengapa kamu mengejar mimpi itu?
I once dreamed about the vast ocean	Aku pernah bermimpi tentang laut luas
I am looking at the sea this afternoon	Aku sedang menatap laut sore ini
Will you go to the gym tomorrow?	Apakah kamu akan ke gym besok?
I do not stare at the screen all day	Aku tidak menatap layar sepanjang hari
Throughout the journey, I remained silent	Sepanjang perjalanan, aku tetap diam
Have you been silent since earlier?	Apakah kamu diam sejak tadi?
My phone screen already cracked this morning	Layar ponselku sudah pecah tadi pagi
Why did that glass break earlier?	Mengapa gelas itu pecah tadi?
My shoes are not dry yet, still wet	Sepatuku belum kering, masih basah
Those clothes will be dry tomorrow	Pakaian itu akan kering besok
I am still waiting for your answer	Aku masih menunggu jawabanmu
I have not waited too long yet	Aku belum menunggu terlalu lama
That company will export coffee next year	Perusahaan itu akan ekspor kopi tahun depan
The doctor asked about my medical history yesterday	Dokter menanyakan riwayat penyakitku kemarin
Why are you asking that?	Mengapa kamu menanyakan hal itu?
He has never suffered a serious illness	Dia belum pernah menderita penyakit serius
I do not want to suffer again	Aku tidak ingin menderita lagi
I want to learn a new language tomorrow	Aku ingin belajar bahasa baru besok
Will you try again later?	Apakah kamu akan mencoba lagi nanti?
I have not checked my bank account today	Aku belum memeriksa akun bankku hari ini
I will delete that message now	Aku akan hapus pesan itu sekarang
The teacher wants to foster curiosity	Guru ingin memupuk rasa ingin tahu
Why is that bank closed today?	Mengapa bank itu tutup hari ini?
I did not feel fear earlier	Aku tidak merasakan rasa takut tadi
My curiosity has not been answered yet	Rasa ingin tahuku belum terjawab
I am feeling the cold sea wind	Aku sedang merasakan angin laut dingin
Did he come and leave quickly?	Apakah dia datang dan pergi cepat?
I am holding that big ladder	Aku sedang memegang tangga besar itu
Why did he hold my hand earlier?	Mengapa dia memegang tanganku tadi?
My hand does not hurt anymore now	Tanganku tidak sakit lagi sekarang
I will paint with my fingers later	Aku akan melukis dengan jari nanti
My hair is not dry yet after showering	Rambutku belum kering setelah mandi
Have you bathed this morning?	Apakah kamu sudah mandi pagi ini?
This soap does not make the skin dry	Sabun ini tidak membuat kulit kering
My shoes smell because of yesterday's rain	Sepatuku bau karena hujan kemarin
My skin still feels cold now	Kulitku masih terasa dingin sekarang
Why do you not feel afraid?	Mengapa kamu tidak merasa takut?
Patience is the key to success	Kesabaran adalah kunci keberhasilan
Your patience has not run out today	Kesabaranmu belum habis hari ini
I will remain patient waiting for news	Aku akan tetap sabar menunggu kabar
My foot still hurts after running	Kakiku masih sakit setelah lari
Has your leg healed now?	Apakah kakimu sudah sembuh sekarang?
I have not recovered from the flu	Aku belum sembuh dari flu
My arm is not strong enough to lift the box	Lenganku belum kuat mengangkat kotak
My back feels sore after working	Punggungku terasa sakit setelah kerja
My head is not dizzy anymore today	Kepalaku tidak pusing lagi hari ini
His beard is not very long now	Janggutnya tidak terlalu panjang sekarang
My elbow hurts because I fell yesterday	Sikuku sakit karena jatuh kemarin
That prejudice is not necessarily true	Prasangka itu belum tentu benar
Are you certainly coming tomorrow?	Apakah kamu tentu akan datang besok?
My message has not been answered since yesterday	Pesanku belum dijawab sejak kemarin
I already sent the invoice yesterday	Aku sudah mengirim faktur kemarin
I am typing a long message	Aku sedang mengetik pesan panjang
I do not approve that plan	Aku tidak setujui rencana itu
Do you agree with that decision?	Apakah kamu setuju dengan keputusan itu?
I have not asked my parents' permission yet	Aku belum minta izin orang tua
I will ask for help tomorrow	Aku akan minta bantuan besok
Can you help me now?	Bisakah kamu bantu aku sekarang?
I do not need that money	Aku tidak perlu uang itu
That animal is sleeping in the garden	Hewan itu sedang tidur di kebun
Have you ever worked in a garden?	Apakah kamu pernah bekerja di kebun?
That plant does not grow quickly	Tanaman itu tidak tumbuh cepat
My body still feels tired	Tubuhku masih terasa lelah
My body does not feel better yet	Badanku belum terasa lebih baik
Do you still feel tired?	Apakah kamu masih merasa lelah?
Are you peeling potatoes?	Apakah kamu sedang mengupas kentang?
I am peeling a ripe mango	Aku sedang mengupas mangga matang
Why does the evening sky look yellow?	Mengapa langit sore terlihat kuning?
That mango is already ripe now	Mangga itu sudah matang sekarang
That apple is not fully ripe yet	Apel itu belum matang sepenuhnya
I will buy fresh oranges later	Aku akan membeli jeruk segar nanti
I do not fully understand that problem yet	Aku belum sepenuhnya mengerti masalah itu
Do you understand that explanation?	Apakah kamu mengerti penjelasan itu?
Your explanation earlier was very clear	Penjelasanmu tadi sangat jelas
That fire did not go out last night	Api itu tidak padam semalam
That light suddenly went out	Lampu itu tiba-tiba padam
Have you already washed that spoon?	Apakah sendok itu sudah kamu cuci?
That plate will break later	Piring itu akan pecah nanti
I do not like strange flavor mixtures	Aku tidak suka campuran rasa aneh
These days feel very complicated to me	Hari-hari ini terasa sangat rumit bagiku
I already downloaded that file yesterday	Aku sudah mendownload file itu kemarin
The coming days will feel lighter	Hari-hari mendatang akan terasa lebih ringan
Have you already planned the upcoming event?	Apakah acara mendatang sudah kamu rencanakan?
This problem was not complicated before	Masalah ini belum rumit sebelumnya
I am preparing an important event tomorrow	Aku sedang menyiapkan acara penting besok
Have you already sent that document?	Apakah dokumen itu sudah kamu kirim?
I will bring all the items later	Aku akan membawa semua barang nanti
I have not sent that message earlier	Aku belum kirim pesan itu tadi
He is bringing a gift for you now	Dia sedang membawa hadiah untukmu sekarang
I have not opened that gift until now	Hadiah itu belum aku buka sampai sekarang
This clock has not been running since earlier	Jam ini tidak berjalan sejak tadi
I have not washed the dishes after eating	Aku belum cuci piring setelah makan
That plate is not mine, do not take it	Piring itu bukan milikku, jangan ambil
Do not disturb me while I am working	Jangan kamu ganggu aku saat bekerja
Why have you not taken that package?	Kenapa kamu belum ambil paket itu?
I do not want to disturb you tonight	Aku tidak ingin ganggu kamu malam ini
He once suffered because he lost direction	Dia pernah merana karena kehilangan arah
I do not fully understand your meaning yet	Aku belum sepenuhnya mengerti maksudmu
What do you mean by what you said earlier?	Apa maksudmu dengan ucapan tadi?
I will remember your words forever	Ucapanmu akan aku ingat selamanya
Will you wait here forever?	Apakah kamu akan menunggu di sini selamanya?
I will love you forever	Aku akan mencintaimu selamanya
He does not stay here forever	Dia tidak tinggal di sini selamanya
Will this last forever?	Apakah ini akan berlangsung selamanya?
We once hoped to live happily forever	Kami pernah berharap hidup bahagia selamanya
I do not want to wait forever anymore	Aku tidak ingin menunggu selamanya lagi
They will be together forever later	Mereka akan bersama selamanya nanti
That memory feels alive forever	Kenangan itu terasa hidup selamanya
I have not forgotten you forever	Aku belum melupakanmu selamanya
Will he leave forever?	Apakah dia akan pergi selamanya?
This love will not disappear forever	Cinta ini tidak akan hilang selamanya
I no longer love you like before	Aku tidak lagi mencintaimu seperti dulu
That meeting lasted longer earlier	Pertemuan itu berlangsung lebih lama tadi
I hope you will come tomorrow	Aku berharap kamu akan datang besok
That memory still feels warm now	Kenangan itu masih terasa hangat sekarang
Is this task too difficult for you?	Apakah tugas ini terlalu sulit untukmu?
This food is too spicy for me now	Makanan ini terlalu pedas untukku sekarang
Why did you say that to me earlier?	Kenapa kamu bilang itu kepadaku tadi?
He gave a gift to his friend yesterday	Dia memberikan hadiah pada temannya kemarin
I will give help if you need it	Aku akan memberikan bantuan jika kamu perlu
I have not thrown away the trash since yesterday	Aku belum membuang sampah sejak kemarin
Do not throw away food that is still edible	Jangan membuang makanan yang masih layak
He seems like he does not care about this problem	Dia kayak tidak peduli dengan masalah ini
Is this clothing still suitable to wear?	Apakah pakaian ini masih layak dipakai?
I do not care anymore about that matter	Aku tidak peduli lagi tentang hal itu
I have never heard that thing before	Hal itu belum pernah aku dengar sebelumnya
I was listening to music when you arrived	Aku sedang dengar musik saat kamu datang
At that moment I did not know what to do	Saat itu aku tidak tahu harus apa
I have not read this book until finished	Buku ini belum aku baca sampai selesai
Have you already finished that task?	Apakah kamu sudah selesai dengan tugas itu?
This task is not too difficult for me	Tugas ini tidak terlalu sulit bagiku
Will this problem become easy later?	Apakah soal ini akan menjadi mudah nanti?
That leaf has not turned green yet	Daun itu belum berubah menjadi hijau
That leaf fell slowly earlier this morning	Daun itu jatuh perlahan tadi pagi
I want to become more patient starting now	Aku ingin menjadi lebih sabar mulai sekarang
That car moves slowly on the narrow road	Mobil itu bergerak perlahan di jalan sempit
Can this machine still move?	Apakah mesin ini masih bisa bergerak?
That machine has not worked since yesterday	Mesin itu tidak bekerja sejak kemarin
I have not met him since that incident	Aku belum bertemu dia sejak kejadian itu
I am improving my ability to speak Indonesian	Aku sedang meningkatkan kemampuan berbicara bahasa Indonesia
I will always remember that incident	Kejadian itu akan selalu aku ingat
That possibility cannot be confirmed by me yet now	Kemungkinan itu belum bisa aku pastikan sekarang
Make sure you do not forget to bring the key	Pastikan kamu tidak lupa membawa kunci
I once forgot an important promise before	Aku pernah lupa janji penting sebelumnya
Do I still have a chance to try?	Apakah aku masih punya kesempatan untuk mencoba?
He does not have the strength to fight anymore	Dia tidak memiliki kekuatan untuk melawan lagi
I do not want to fight them without reason	Aku tidak ingin melawan mereka tanpa alasan
How long will you stay here?	Berapa lama kamu akan tinggal di sini?
Have you ever slept in the loft?	Apakah kamu pernah tidur di loteng?
I am currently cleaning the loft	Aku sedang membersihkan loteng sekarang
He is not too clingy anymore now	Dia tidak terlalu manja lagi sekarang
Will I seem clingy in front of you?	Aku akan terlihat manja di depanmu?
That building is an old colonial heritage	Bangunan itu merupakan peninggalan kolonial lama
That building is not finished being built yet	Bangunan itu belum selesai dibangun sekarang
Does this feel like heaven to you?	Apakah ini terasa seperti surga bagimu?
That layer of ice is very thin this morning	Lapisan es itu sangat tipis pagi ini
I still cannot help you today	Aku belum bisa bantu kamu hari ini
Let me handle this later	Biar aku yang urus ini nanti
I am not sure he will come	Aku tidak yakin dia akan datang
Why does this task feel very difficult?	Kenapa tugas ini terasa sangat susah?
I already spoke honestly earlier	Aku sudah ngomong jujur tadi
I still don’t understand the meaning until now	Aku belum ngerti maksudnya sampai sekarang
That cat was not fat at all before	Kucing itu dulu tidak gendut sama sekali
I need a pause before continuing to talk	Aku butuh jeda sebelum lanjut bicara
Please play that music again later	Tolong putar musik itu lagi nanti
I am learning to manage time better	Aku sedang belajar kelola waktu lebih baik
He already rejected that offer yesterday	Dia sudah tolak tawaran itu kemarin
Try to stay calm when the situation is chaotic	Coba tetap tenang saat situasi kacau
I will stay calm facing this problem	Aku akan tetap tenang menghadapi masalah ini
This device is not yet connected to the network	Perangkat ini belum terkoneksi ke jaringan
Will this network be stable later tonight?	Apakah jaringan ini akan stabil malam nanti?
That old device can no longer be used	Perangkat lama itu tidak bisa digunakan lagi
His condition became stable after yesterday’s treatment	Kondisinya sudah stabil setelah perawatan kemarin
I am undergoing routine treatment this month	Aku sedang menjalani perawatan rutin bulan ini
Have you been exercising regularly lately?	Apakah kamu sudah rutin olahraga akhir-akhir ini?
I rarely get enough sleep lately	Aku jarang tidur cukup akhir-akhir ini
They will build a new house next year	Mereka akan membangun rumah baru tahun depan
I had not woken up until noon earlier	Aku belum bangun sampai siang tadi
I will not build the business alone	Aku tidak akan membangun bisnis sendirian
Did you wake up early this morning?	Apakah kamu sudah bangun pagi tadi?
That small business has not grown well yet	Bisnis kecil itu belum berkembang dengan baik
Can this idea develop further?	Apakah ide ini bisa berkembang lebih jauh?
He will be blunt about that issue later	Dia akan blak-blakan soal masalah itu nanti
Is he always blunt when angry?	Apakah dia selalu blak-blakan saat marah?
I already handled all the documents earlier	Aku sudah urus semua dokumen tadi
This is a big opportunity for us	Ini merupakan kesempatan besar bagi kita
That architectural style is not modern colonial	Gaya arsitektur itu bukan kolonial modern
I want to change my hairstyle tomorrow	Aku ingin ubah gaya rambut besok
My hair is not dry yet after showering earlier	Rambutku belum kering setelah mandi tadi
I was showering when you called	Aku sedang mandi saat kamu menelepon
Those clothes have been dry since morning	Pakaian itu sudah kering sejak pagi
I have never seen a wild elephant in person	Aku belum pernah melihat gajah liar langsung
He answered directly without thinking long	Dia langsung menjawab tanpa berpikir lama
That layer of paint is not fully dry yet	Lapisan cat itu belum kering sempurna
The result is not perfect but good enough	Hasilnya tidak sempurna tapi cukup baik
I will paint the bedroom wall tomorrow	Aku akan cat dinding kamar besok
That room has not been cleaned since yesterday	Kamar itu belum dibersihkan sejak kemarin
Has this bathroom been cleaned?	Apakah kamar mandi ini sudah dibersihkan?
I did not understand the meaning of your question earlier	Aku tidak paham maksud pertanyaanmu tadi
That wall will be repainted next week	Dinding itu akan dicat ulang minggu depan
Earlier I forgot to bring my wallet to the office	Tadi aku lupa membawa dompet ke kantor
That house was repainted last month	Rumah itu sudah dicat ulang bulan lalu
I have to repeat that practice tomorrow	Aku harus ulang latihan itu besok
He never practices before the match	Dia tidak pernah latihan sebelum pertandingan
I have not found something the same like that	Aku belum menemukan yang sama seperti itu
I will go back to bed later	Aku akan kembali ke tempat tidur nanti
Only one person has not arrived yet	Hanya satu orang yang belum datang
I bought a rare book yesterday	Aku membeli sebuah buku langka kemarin
Opportunities like this are very rare now	Kesempatan seperti ini sangat langka sekarang
He does not want to live like before again	Dia tidak ingin hidup seperti dulu lagi
We have not agreed about that plan yet	Kami belum sepakat tentang rencana itu
Finally we agreed after a long discussion	Akhirnya kami sepakat setelah diskusi panjang
That discussion did not go smoothly yesterday	Diskusi itu tidak berjalan lancar kemarin
Do you know about the new rule changes?	Apakah kamu tahu tentang perubahan aturan baru?
That change has not been clearly felt by everyone	Perubahan itu belum terasa jelas bagi semua orang
All those plans will succeed if consistent	Semua rencana itu akan berhasil jika konsisten
I still cannot consistently maintain a new habit	Aku belum bisa konsisten menjaga kebiasaan baru
That bad habit has slowly changed	Kebiasaan buruk itu sudah berubah perlahan
Today's weather is not as bad as yesterday	Cuaca hari ini tidak seburuk kemarin
Will that decision have a bad impact later?	Apakah keputusan itu akan berdampak buruk nanti?
That decision has not had a big impact so far	Keputusan itu belum berdampak besar sejauh ini
So far I have not seen real results	Sejauh ini aku belum melihat hasil nyata
That problem feels real to many people	Masalah itu terasa nyata bagi banyak orang
I feel comfortable living here now	Aku merasa nyaman tinggal di sini sekarang
He no longer lives in that city	Dia tidak tinggal di kota itu lagi
I will also go with them	Aku juga akan ikut pergi bersama mereka
He reads a book and writes notes tonight	Dia membaca buku dan menulis catatan malam ini
He has worked as a teacher since last year	Dia bekerja sebagai guru sejak tahun lalu
I want to become more patient going forward	Aku ingin menjadi lebih sabar ke depannya
This is a choice that is not easy	Ini adalah pilihan yang tidak mudah
I was late because of heavy traffic earlier	Aku terlambat karena macet parah tadi
The damage is not severe after that incident	Kerusakannya belum parah setelah kejadian itu
Do you remember that incident last night?	Apakah kamu ingat kejadian itu semalam?
The damage is not visible from outside the house	Kerusakannya tidak terlihat dari luar rumah
I still remember his face until now	Aku masih ingat wajahnya sampai sekarang
You did not remember that promise yesterday	Kamu tidak ingat janji itu kemarin
Do you remember the way there?	Apakah kamu ingat jalan ke sana?
I will remember your advice forever	Aku akan ingat nasihatmu selamanya
He has not remembered my friend's name earlier	Dia belum ingat nama temanku tadi
We rarely remember small details like that	Kami jarang ingat detail kecil seperti itu
Remember to bring the keys before leaving	Ingat untuk membawa kunci sebelum keluar
I once remembered that song clearly	Aku pernah ingat lagu itu dengan jelas
Why do you not remember that meeting?	Mengapa kamu tidak ingat pertemuan itu?
He will remember this moment his whole life	Dia akan ingat momen ini sepanjang hidupnya
I did not recognize that face earlier	Aku tidak mengenali wajah itu tadi
I will follow your advice starting tomorrow	Aku akan mengikuti nasihatmu mulai besok
Have you checked the details of this order?	Apakah kamu sudah memeriksa detail pesanan ini?
He has not left the room since earlier	Dia belum keluar dari ruangan sejak tadi
That song is being played on the radio now	Lagu itu sedang diputar di radio sekarang
That moment feels very meaningful to me	Momen itu terasa sangat berarti bagiku
Throughout today I did not feel tired	Sepanjang hari ini aku tidak merasa lelah
I did not recognize his voice on the phone earlier	Aku tidak mengenali suaranya di telepon tadi
This order has not been sent until now	Pesanan ini belum dikirim sampai sekarang
Does that gift truly mean something to you?	Apakah hadiah itu benar-benar berarti bagimu?
I need time to think about this	Aku butuh waktu untuk memikirkan ini
You do not need to worry about that	Kamu tidak perlu khawatir tentang hal itu
Will we continue this discussion tomorrow?	Apakah kita akan lanjut diskusi ini besok?
His condition has not improved since last night	Kondisinya belum membaik sejak kemarin malam
That treatment is not suitable for my skin	Perawatan itu tidak cocok untuk kulitku
The quality of this product will improve next year	Kualitas produk ini akan meningkat tahun depan
My skin has not fully recovered after that wound	Kulitku belum pulih sepenuhnya setelah luka itu
He will recover faster with enough rest	Dia akan pulih lebih cepat dengan istirahat cukup
That wound has not healed even though it has been treated	Luka itu belum sembuh meskipun sudah dirawat
I have not fully recovered from that flu	Aku belum sembuh sepenuhnya dari flu itu
That patient is being treated in the hospital now	Pasien itu sedang dirawat di rumah sakit sekarang
I must rest so I recover quickly	Aku harus istirahat agar cepat pulih
He has not left the hospital since the surgery	Dia belum keluar dari rumah sakit sejak operasi
That surgery did not go smoothly yesterday	Operasi itu tidak berjalan lancar kemarin
I did not answer that call earlier	Aku tidak menjawab panggilan itu tadi
Your privacy must always be properly protected	Privasi kamu harus tetap dijaga dengan baik
The situation is not as chaotic as it appears	Situasinya tidak terlalu kacau seperti yang terlihat
Will this situation improve in the near future?	Apakah situasi ini akan membaik dalam waktu dekat?
The result will appear better tomorrow	Hasilnya akan terlihat lebih baik besok
I am already tired from working all day	Aku sudah capek bekerja seharian ini
That boy is not very tall compared to his friend	Cowok itu tidak terlalu tinggi dibanding temannya
Has that girl already left from here?	Apakah cewek itu sudah pergi dari sini?
His condition slowly improves after taking medicine	Kondisinya perlahan membaik setelah minum obat
This price is cheaper compared to the shop next door	Harga ini lebih murah dibanding toko sebelah
That leaf has not fallen from the old tree	Daun itu belum jatuh dari pohon tua
Will that tree grow bigger?	Apakah pohon itu akan tumbuh lebih besar?
That shop is next to my house now	Toko itu berada di sebelah rumahku sekarang
I do not want to split that wood alone	Aku tidak mau belah kayu itu sendirian
That wood has already been cut into several pieces	Kayu itu sudah dipotong menjadi beberapa bagian
This part is not included in the original plan	Bagian ini tidak termasuk dalam rencana awal
The beginning of that story is not very interesting to me	Awal cerita itu tidak terlalu menarik bagiku
I want a massage after working all day	Aku ingin pijat setelah kerja seharian ini
That additional fee will be calculated later	Biaya tambahan itu akan dihitung nanti
I have not paid the vehicle tax this year	Aku belum membayar pajak kendaraan tahun ini
The total cost has already been calculated since yesterday	Total biayanya sudah dihitung sejak kemarin
That vehicle is not allowed to park here	Kendaraan itu tidak boleh parkir di sini
I do not want to repeat past mistakes again	Aku tidak ingin mengulang kesalahan lampau lagi
He will not repeat the same mistake	Dia tidak akan mengulang kesalahan yang sama
Is there a possibility we meet again?	Apakah ada kemungkinan kita bertemu lagi?
Today I do not have time to rest	Hari ini aku tidak punya waktu istirahat
How did you manage to solve that problem?	Gimana kamu bisa menyelesaikan masalah itu?
That man does not work here anymore	Pria itu tidak bekerja di sini lagi
I don't want to join either	Aku tidak mau ikut pula
I am already tired, besides it’s raining heavily	Aku sudah lelah, lagipula hujan deras
Will you come immediately?	Apakah kamu akan datang segera?
He is not yet brave to speak honestly	Dia belum berani bicara jujur
I am working hard now	Aku sedang bekerja keras kini
I am not yet fluent speaking Japanese	Aku belum fasih berbicara Jepang
He will speak Indonesian fluently	Dia akan berbahasa Indonesia dengan lancar
Is your explanation concise enough?	Apakah penjelasanmu cukup singkat?
I am trying a new variation of the recipe	Aku sedang mencoba variasi baru resep
I have never tried that recipe	Aku belum pernah mencoba resep itu
I will live in this house	Aku akan tinggal dalam rumah ini
Yesterday I made a chocolate cake myself	Kemarin aku bikin kue cokelat sendiri
I do not like cakes that are too sweet	Aku tidak suka kue terlalu manis
Can you give another example?	Bisakah kamu memberi contoh lain?
He is increasingly quick at understanding lessons	Dia makin cepat memahami pelajaran
I do not yet understand today’s lesson	Aku belum mengerti pelajaran hari ini
His speech has been smooth since childhood	Bahasanya sudah lancar sejak kecil
There is still a little time remaining before departure	Masih tersisa sedikit waktu sebelum berangkat
Your understanding of that topic is getting deeper	Pemahamanmu tentang topik itu makin dalam
He has not yet entered the participant list	Dia belum masuk dalam daftar peserta
The participants will gather tomorrow morning	Para peserta akan berkumpul besok pagi
My name is not on that list	Namaku tidak ada dalam daftar itu
We are gathering in the park this afternoon	Kami sedang berkumpul di taman sore ini
I will obtain that ticket later	Aku akan dapatkan tiket itu nanti
Have they already bought enough cement?	Apakah mereka sudah membeli semen cukup?
The doctor examines semen in the laboratory	Dokter memeriksa air mani di laboratorium
I will work in a new laboratory	Aku akan bekerja di laboratorium baru
Why is there a hole in that wall?	Mengapa ada lubang di dinding itu?
I do not yet understand the function of that affix	Aku belum memahami fungsi imbuhan itu
This is the reason I chose this path	Inilah alasan aku memilih jalan ini
He does not use reason when angry	Dia tidak memakai akal saat marah
Your exam score has not come out today	Nilai ujianmu belum keluar hari ini
